{"inputUnits":[34],"outputUnits":3,"inputs":{"0":{"dtype":"number","min":225.6705080024927,"max":478.66831686710105},"1":{"dtype":"number","min":203.8136677426587,"max":373.39054567804595},"2":{"dtype":"number","min":226.78381062667194,"max":490.82829931830616},"3":{"dtype":"number","min":197.84592120100086,"max":367.69302665027664},"4":{"dtype":"number","min":223.57492884773225,"max":478.8777893897624},"5":{"dtype":"number","min":197.97435114819717,"max":368.15222951688656},"6":{"dtype":"number","min":231.36578867871475,"max":516.8974378415119},"7":{"dtype":"number","min":198.18020742690982,"max":354.93077675192274},"8":{"dtype":"number","min":216.7848579614543,"max":482.0983058469305},"9":{"dtype":"number","min":195.77076744940496,"max":362.5414869850248},"10":{"dtype":"number","min":271.1699970408636,"max":478.1800320918458},"11":{"dtype":"number","min":173.37623210268725,"max":359.3729470397712},"12":{"dtype":"number","min":239.83809712332047,"max":510.75037381064567},"13":{"dtype":"number","min":169.83301303729937,"max":381.7620113387646},"14":{"dtype":"number","min":277.6373295468579,"max":523.9514189842611},"15":{"dtype":"number","min":176.03607771461577,"max":381.0521059741306},"16":{"dtype":"number","min":287.21404969924157,"max":540.4892086518878},"17":{"dtype":"number","min":240.64465058916738,"max":382.20345701225074},"18":{"dtype":"number","min":233.62572636585756,"max":615.4355345254743},"19":{"dtype":"number","min":207.82724343385212,"max":406.49689670666646},"20":{"dtype":"number","min":239.18675704688877,"max":612.7846185706469},"21":{"dtype":"number","min":307.7024823496778,"max":402.89193209043276},"22":{"dtype":"number","min":299.49051675165674,"max":516.6926460414545},"23":{"dtype":"number","min":199.48529429008988,"max":362.001135859508},"24":{"dtype":"number","min":284.9763862817668,"max":522.003739947011},"25":{"dtype":"number","min":189.4442452159837,"max":418.6595242867674},"26":{"dtype":"number","min":280.11111723309824,"max":530.1276275991002},"27":{"dtype":"number","min":171.2828093651204,"max":379.85543573876765},"28":{"dtype":"number","min":302.7928737536479,"max":523.9740821452456},"29":{"dtype":"number","min":195.4224345285141,"max":471.8936406591987},"30":{"dtype":"number","min":250.92220083748785,"max":614.2570715284534},"31":{"dtype":"number","min":283.83521825886885,"max":402.3870175729002},"32":{"dtype":"number","min":253.6838825389105,"max":610.9391291874392},"33":{"dtype":"number","min":302.40345045750246,"max":508.61881419378494}},"outputs":{"0":{"dtype":"string","min":0,"max":1,"uniqueValues":["f","g","h"],"legend":{"f":[1,0,0],"g":[0,1,0],"h":[0,0,1]}}},"isNormalized":true}