{"inputUnits":[34],"outputUnits":3,"inputs":{"0":{"dtype":"number","min":163.77798307244075,"max":371.1160331859923},"1":{"dtype":"number","min":213.72573822794834,"max":404.947933918319},"2":{"dtype":"number","min":161.28379792033115,"max":409.6607623183936},"3":{"dtype":"number","min":217.38803052995172,"max":397.08195632428914},"4":{"dtype":"number","min":160.7551149364568,"max":368.48790813840156},"5":{"dtype":"number","min":228.12155561837534,"max":401.92900391814766},"6":{"dtype":"number","min":171.61676418014437,"max":416.9395100257085},"7":{"dtype":"number","min":223.06003414399441,"max":389.52487521701386},"8":{"dtype":"number","min":165.72030586108826,"max":376.41261526483305},"9":{"dtype":"number","min":240.97315916541027,"max":398.49304805257395},"10":{"dtype":"number","min":213.2901994433784,"max":372.837706448739},"11":{"dtype":"number","min":218.7392885085435,"max":384.7613882321363},"12":{"dtype":"number","min":185.48486720748812,"max":397.46421174463933},"13":{"dtype":"number","min":239.9748268647965,"max":415.712091992473},"14":{"dtype":"number","min":226.043049178393,"max":361.28720586527623},"15":{"dtype":"number","min":314.4912214074683,"max":399.41818159226085},"16":{"dtype":"number","min":199.68980198018033,"max":417.73967899077115},"17":{"dtype":"number","min":327.9069331654331,"max":439.0946798807928},"18":{"dtype":"number","min":196.721729479338,"max":358.31994121767156},"19":{"dtype":"number","min":323.8990141216077,"max":459.92930867750977},"20":{"dtype":"number","min":194.8636004055685,"max":493.23113751922665},"21":{"dtype":"number","min":316.2354039123416,"max":450.4001615944429},"22":{"dtype":"number","min":269.30177149484496,"max":377.94258058187324},"23":{"dtype":"number","min":244.75061308803146,"max":433.3785582425302},"24":{"dtype":"number","min":227.8857421875,"max":414.08634059378045},"25":{"dtype":"number","min":360.62077349389506,"max":449.40407855236504},"26":{"dtype":"number","min":238.9692335519177,"max":416.1379499230933},"27":{"dtype":"number","min":220.87577239811765,"max":435.7287960535833},"28":{"dtype":"number","min":201.28624200356168,"max":458.82134757311485},"29":{"dtype":"number","min":370.85678606237815,"max":472.84287837513705},"30":{"dtype":"number","min":195.12447007683053,"max":483.6934764482821},"31":{"dtype":"number","min":345.54396304005996,"max":474.8789267140289},"32":{"dtype":"number","min":199.7681643391213,"max":481.3749584770574},"33":{"dtype":"number","min":406.7228677909509,"max":521.068436025876}},"outputs":{"0":{"dtype":"string","min":0,"max":1,"uniqueValues":["a","b","c"],"legend":{"a":[1,0,0],"b":[0,1,0],"c":[0,0,1]}}},"isNormalized":true}