{"inputUnits":[34],"outputUnits":4,"inputs":{"0":{"dtype":"number","min":243.07287442986262,"max":384.78266130413925},"1":{"dtype":"number","min":20.26291930884645,"max":282.45124623557047},"2":{"dtype":"number","min":251.19421053583392,"max":397.46693438256693},"3":{"dtype":"number","min":10.60101603903965,"max":277.59182667871664},"4":{"dtype":"number","min":247.54413389090672,"max":374.2762244746931},"5":{"dtype":"number","min":11.669274640594537,"max":279.8763689706665},"6":{"dtype":"number","min":266.16105404978373,"max":423.1397079259564},"7":{"dtype":"number","min":17.079958850644942,"max":260.3355668720446},"8":{"dtype":"number","min":261.7016213400322,"max":360.18304003144794},"9":{"dtype":"number","min":17.2263864141691,"max":274.53895613464},"10":{"dtype":"number","min":274.0514470448038,"max":395.77655993009864},"11":{"dtype":"number","min":55.24636757536473,"max":279.13242260150275},"12":{"dtype":"number","min":300.36445097151784,"max":414.0792519493177},"13":{"dtype":"number","min":32.71968551546509,"max":271.64377431888096},"14":{"dtype":"number","min":273.08950680738303,"max":362.2958811263592},"15":{"dtype":"number","min":16.51111863045199,"max":372.231743944551},"16":{"dtype":"number","min":303.5979466131556,"max":407.25984629134683},"17":{"dtype":"number","min":11.033165766249383,"max":329.54234221757736},"18":{"dtype":"number","min":275.271813762583,"max":351.8633277699729},"19":{"dtype":"number","min":-10.648775751363004,"max":450.5218886585495},"20":{"dtype":"number","min":275.1297449182581,"max":393.5335809956749},"21":{"dtype":"number","min":-13.64859954655519,"max":406.78240978694566},"22":{"dtype":"number","min":289.7169152570282,"max":430.50869649846186},"23":{"dtype":"number","min":186.11352158336376,"max":379.76172969587594},"24":{"dtype":"number","min":284.96980425442405,"max":405.64777277598836},"25":{"dtype":"number","min":186.52818586858854,"max":358.00040298967565},"26":{"dtype":"number","min":274.17564942358064,"max":393.357996057581},"27":{"dtype":"number","min":291.58603422823006,"max":431.6569432784707},"28":{"dtype":"number","min":278.726447925233,"max":400.117754127547},"29":{"dtype":"number","min":286.25404937922605,"max":424.4862315157468},"30":{"dtype":"number","min":276.8726784629896,"max":387.7104332758437},"31":{"dtype":"number","min":392.392410367553,"max":469.1285577666225},"32":{"dtype":"number","min":323.7378158718057,"max":449.7835833752132},"33":{"dtype":"number","min":375.27930752343366,"max":479.16582851149644}},"outputs":{"0":{"dtype":"string","min":0,"max":1,"uniqueValues":["a","b","c","d"],"legend":{"a":[1,0,0,0],"b":[0,1,0,0],"c":[0,0,1,0],"d":[0,0,0,1]}}},"isNormalized":true}