{"inputUnits":[34],"outputUnits":2,"inputs":{"0":{"dtype":"number","min":200.56811550207306,"max":325.76402928164595},"1":{"dtype":"number","min":22.112534431918547,"max":315.36419903790505},"2":{"dtype":"number","min":204.22715214957967,"max":332.85493846989976},"3":{"dtype":"number","min":12.567843015198576,"max":308.8290548045733},"4":{"dtype":"number","min":199.4669757530703,"max":329.354271247373},"5":{"dtype":"number","min":13.848202354029596,"max":314.7043554592318},"6":{"dtype":"number","min":215.02350507888644,"max":355.57537175526164},"7":{"dtype":"number","min":17.077697694417793,"max":290.6990512305068},"8":{"dtype":"number","min":205.11537072254202,"max":342.56029363264116},"9":{"dtype":"number","min":18.46109594750358,"max":310.4846322280854},"10":{"dtype":"number","min":242.86408392774197,"max":373.3927182798032},"11":{"dtype":"number","min":70.44165776719359,"max":299.18790452893944},"12":{"dtype":"number","min":249.24565543905334,"max":384.7201544034783},"13":{"dtype":"number","min":68.01266318873354,"max":309.28028604905273},"14":{"dtype":"number","min":238.00302620752046,"max":360.76172336035535},"15":{"dtype":"number","min":154.6483188205295,"max":381.4960371169895},"16":{"dtype":"number","min":245.8849764520894,"max":369.45098044114735},"17":{"dtype":"number","min":150.51844249227125,"max":371.7428178396838},"18":{"dtype":"number","min":207.26133528741013,"max":336.63266484965123},"19":{"dtype":"number","min":230.8969883612025,"max":442.98921492132297},"20":{"dtype":"number","min":206.46103886832967,"max":337.32292353758334},"21":{"dtype":"number","min":220.9678771853679,"max":438.7858037223592},"22":{"dtype":"number","min":301.1516983002482,"max":365.6104562621832},"23":{"dtype":"number","min":221.11843473497652,"max":378.28588191993515},"24":{"dtype":"number","min":324.5484778569688,"max":380.0800868549309},"25":{"dtype":"number","min":218.90910552026696,"max":380.6831788180167},"26":{"dtype":"number","min":235.4837880868893,"max":355.4205087286222},"27":{"dtype":"number","min":310.42032996581077,"max":436.1251679359124},"28":{"dtype":"number","min":318.57529392948857,"max":363.85869076377463},"29":{"dtype":"number","min":300.0410964846843,"max":416.7534583911561},"30":{"dtype":"number","min":209.3161790040966,"max":362.19344616865783},"31":{"dtype":"number","min":387.3187404580516,"max":475.2555177922834},"32":{"dtype":"number","min":317.43829336779856,"max":362.44468822813866},"33":{"dtype":"number","min":385.2767325655991,"max":459.24902995892205}},"outputs":{"0":{"dtype":"string","min":0,"max":1,"uniqueValues":["x","e"],"legend":{"x":[1,0],"e":[0,1]}}},"isNormalized":true}