{"inputUnits":[34],"outputUnits":2,"inputs":{"0":{"dtype":"number","min":238.6524338750114,"max":316.2493872688992},"1":{"dtype":"number","min":78.75242162633825,"max":312.59330526430006},"2":{"dtype":"number","min":238.56728611401414,"max":319.66737665395755},"3":{"dtype":"number","min":68.50615562751278,"max":312.97171847397357},"4":{"dtype":"number","min":244.94353474696942,"max":315.27663321987694},"5":{"dtype":"number","min":67.98934728313839,"max":317.05716569986026},"6":{"dtype":"number","min":241.1466716744049,"max":331.269643088298},"7":{"dtype":"number","min":75.18046983268991,"max":314.6981549774229},"8":{"dtype":"number","min":244.03132239745142,"max":315.40333917034064},"9":{"dtype":"number","min":74.61171468098956,"max":313.8573070622792},"10":{"dtype":"number","min":234.41124869601302,"max":342.7425674527709},"11":{"dtype":"number","min":115.19686544615391,"max":346.5233667087369},"12":{"dtype":"number","min":229.64464630067462,"max":327.36906947680615},"13":{"dtype":"number","min":114.22264113993208,"max":333.95142612866255},"14":{"dtype":"number","min":226.98806554485714,"max":364.31959126195477},"15":{"dtype":"number","min":65.39803845143456,"max":377.3382691797922},"16":{"dtype":"number","min":227.83248217249937,"max":338.867869869775},"17":{"dtype":"number","min":44.950855396412024,"max":402.1960541425857},"18":{"dtype":"number","min":231.3216032805266,"max":358.8438467579743},"19":{"dtype":"number","min":19.6788492630332,"max":398.0277142143621},"20":{"dtype":"number","min":229.93846335606267,"max":331.5101525379203},"21":{"dtype":"number","min":11.256653783846545,"max":468.04906833938685},"22":{"dtype":"number","min":243.64193059315224,"max":329.2624502200597},"23":{"dtype":"number","min":273.14166390640224,"max":371.78961562366743},"24":{"dtype":"number","min":245.25272005017968,"max":320.5859031454164},"25":{"dtype":"number","min":269.2084085267422,"max":375.0288852148818},"26":{"dtype":"number","min":243.8980881837841,"max":323.0476498371444},"27":{"dtype":"number","min":399.6882971453155,"max":433.4332751298276},"28":{"dtype":"number","min":242.52741644489367,"max":335.64221060531645},"29":{"dtype":"number","min":392.6380691379599,"max":435.533113832827},"30":{"dtype":"number","min":244.30385626779892,"max":333.31662659524244},"31":{"dtype":"number","min":496.08908759223084,"max":519.3558640136124},"32":{"dtype":"number","min":245.6196662650006,"max":316.6438219096461},"33":{"dtype":"number","min":494.1458766409296,"max":522.2841044940911}},"outputs":{"0":{"dtype":"string","min":0,"max":1,"uniqueValues":["a","b"],"legend":{"a":[1,0],"b":[0,1]}}},"isNormalized":true}