{"inputUnits":[34],"outputUnits":2,"inputs":{"0":{"dtype":"number","min":262.1185156987657,"max":311.73819439685366},"1":{"dtype":"number","min":23.760146053678568,"max":41.42184222186053},"2":{"dtype":"number","min":271.9107406645955,"max":319.61556670726156},"3":{"dtype":"number","min":15.153490033066063,"max":32.452254564906184},"4":{"dtype":"number","min":252.28724072551168,"max":302.8666184334262},"5":{"dtype":"number","min":16.281056543539833,"max":33.40276528520194},"6":{"dtype":"number","min":287.4843414485106,"max":333.3392482705516},"7":{"dtype":"number","min":22.349185757702088,"max":40.283372890182406},"8":{"dtype":"number","min":241.78837067899647,"max":291.0691104762503},"9":{"dtype":"number","min":24.44092659457617,"max":45.779957315842765},"10":{"dtype":"number","min":311.22287742808084,"max":361.1588354278029},"11":{"dtype":"number","min":75.97139830710128,"max":95.68408750418797},"12":{"dtype":"number","min":232.27937397203945,"max":269.6109621520163},"13":{"dtype":"number","min":77.78763739453885,"max":94.9687159131145},"14":{"dtype":"number","min":338.3152257908157,"max":433.736954181515},"15":{"dtype":"number","min":115.81010457832679,"max":159.05158397979437},"16":{"dtype":"number","min":201.7546591656482,"max":244.90062393872591},"17":{"dtype":"number","min":105.49658464874207,"max":127.1739306830988},"18":{"dtype":"number","min":364.36301069650034,"max":496.73950373777865},"19":{"dtype":"number","min":118.2170069287395,"max":212.0198175084521},"20":{"dtype":"number","min":124.97218438756396,"max":252.91199801260964},"21":{"dtype":"number","min":92.67672235737999,"max":123.22097718831856},"22":{"dtype":"number","min":329.0212685508802,"max":340.45653925072145},"23":{"dtype":"number","min":234.51087044461195,"max":246.33278413590398},"24":{"dtype":"number","min":264.26685831467773,"max":279.6123015717921},"25":{"dtype":"number","min":233.90540645368844,"max":242.46383934690238},"26":{"dtype":"number","min":332.0319704052068,"max":348.4236136096263},"27":{"dtype":"number","min":345.02706665277015,"max":372.5025699013158},"28":{"dtype":"number","min":261.89455117863287,"max":288.81554140682107},"29":{"dtype":"number","min":335.51748710766174,"max":370.78563786854284},"30":{"dtype":"number","min":338.86937407257494,"max":348.14680668345665},"31":{"dtype":"number","min":428.28823394477945,"max":458.0225730732402},"32":{"dtype":"number","min":263.2361874942891,"max":286.56118827953674},"33":{"dtype":"number","min":417.6446995725873,"max":460.3220722875167}},"outputs":{"0":{"dtype":"string","min":0,"max":1,"uniqueValues":["a","b"],"legend":{"a":[1,0],"b":[0,1]}}},"isNormalized":true}