{"inputUnits":[34],"outputUnits":2,"inputs":{"0":{"dtype":"number","min":307.23140486034964,"max":379.65496409009074},"1":{"dtype":"number","min":3.6690864786069994,"max":58.67270932560078},"2":{"dtype":"number","min":316.2776975278501,"max":394.0543709024351},"3":{"dtype":"number","min":-7.8130163598014235,"max":46.18031998126827},"4":{"dtype":"number","min":310.22738153706746,"max":377.42373609635797},"5":{"dtype":"number","min":-8.222694917496653,"max":45.85437083104897},"6":{"dtype":"number","min":339.97444286681053,"max":418.21631373950146},"7":{"dtype":"number","min":-13.442853961074562,"max":53.753258182756156},"8":{"dtype":"number","min":309.3788756729334,"max":383.1071591144881},"9":{"dtype":"number","min":-7.03163132100542,"max":54.81458221495035},"10":{"dtype":"number","min":348.08406777781585,"max":432.50315229330374},"11":{"dtype":"number","min":46.24623438071089,"max":125.93085513942191},"12":{"dtype":"number","min":343.92501325402804,"max":425.05100183319627},"13":{"dtype":"number","min":40.698105364050306,"max":115.24554574233977},"14":{"dtype":"number","min":349.4068304883574,"max":424.6332982827348},"15":{"dtype":"number","min":147.21515618337293,"max":229.02913827877524},"16":{"dtype":"number","min":348.7073360688505,"max":418.32588180928667},"17":{"dtype":"number","min":144.37339619121587,"max":225.96594083611262},"18":{"dtype":"number","min":316.9121319508692,"max":385.9963900025128},"19":{"dtype":"number","min":242.01590673732943,"max":322.02284874274716},"20":{"dtype":"number","min":321.671958164862,"max":387.55674722831384},"21":{"dtype":"number","min":236.32461280153507,"max":318.4274304633484},"22":{"dtype":"number","min":368.851831149869,"max":413.9123118737055},"23":{"dtype":"number","min":234.97477510983947,"max":300.70816605179397},"24":{"dtype":"number","min":343.82086919297484,"max":414.285562675134},"25":{"dtype":"number","min":233.77597741913377,"max":300.40534125434027},"26":{"dtype":"number","min":347.8062917846917,"max":421.2360179819326},"27":{"dtype":"number","min":346.5554482383802,"max":401.463063855385},"28":{"dtype":"number","min":273.8933600412707,"max":423.71373345745},"29":{"dtype":"number","min":332.5694420649062,"max":399.9090953923573},"30":{"dtype":"number","min":353.1225532397889,"max":514.4809441817434},"31":{"dtype":"number","min":423.6057440625761,"max":485.11986983449833},"32":{"dtype":"number","min":276.43231992368345,"max":513.2997306838603},"33":{"dtype":"number","min":416.30932932476316,"max":483.79625316716533}},"outputs":{"0":{"dtype":"string","min":0,"max":1,"uniqueValues":["a","b"],"legend":{"a":[1,0],"b":[0,1]}}},"isNormalized":true}