{"inputUnits":[34],"outputUnits":2,"inputs":{"0":{"dtype":"number","min":299.03280574211135,"max":311.22017784193014},"1":{"dtype":"number","min":69.38797205279909,"max":74.36925876907438},"2":{"dtype":"number","min":306.6831693593521,"max":318.6606495282803},"3":{"dtype":"number","min":61.21741415696766,"max":64.35719986408077},"4":{"dtype":"number","min":289.9269136722557,"max":301.5014507152416},"5":{"dtype":"number","min":62.306599161545904,"max":66.26805355674341},"6":{"dtype":"number","min":319.4926425681012,"max":331.6843162967912},"7":{"dtype":"number","min":68.32287288316277,"max":71.27209044339364},"8":{"dtype":"number","min":280.2252159341734,"max":291.5891686749969},"9":{"dtype":"number","min":69.89424558643245,"max":75.09405392652366},"10":{"dtype":"number","min":339.3849875169423,"max":352.47145386931953},"11":{"dtype":"number","min":121.60702710960342,"max":125.74984187968292},"12":{"dtype":"number","min":264.07108002006424,"max":276.7723717048154},"13":{"dtype":"number","min":122.40998474478025,"max":128.40722156546965},"14":{"dtype":"number","min":362.7962813646937,"max":371.3019453201145},"15":{"dtype":"number","min":189.8492830213283,"max":196.11511379189892},"16":{"dtype":"number","min":230.44895581102276,"max":257.8422647517094},"17":{"dtype":"number","min":185.29254816661336,"max":195.0680696662174},"18":{"dtype":"number","min":365.5229011520772,"max":379.9357886063425},"19":{"dtype":"number","min":258.14816197921425,"max":262.4285930313794},"20":{"dtype":"number","min":225.36995157163742,"max":261.47247656511746},"21":{"dtype":"number","min":125.40994982505634,"max":228.1905622277808},"22":{"dtype":"number","min":331.0909956844694,"max":345.1480340492888},"23":{"dtype":"number","min":255.81684283578136,"max":260.2478058575189},"24":{"dtype":"number","min":274.88854361788805,"max":286.6693852891234},"25":{"dtype":"number","min":254.14179870724445,"max":260.90808578401976},"26":{"dtype":"number","min":333.68745621649606,"max":346.7175965188307},"27":{"dtype":"number","min":350.84657784326265,"max":363.22932758294115},"28":{"dtype":"number","min":280.4764770299603,"max":286.7909166362086},"29":{"dtype":"number","min":350.2699490969176,"max":356.86300459893357},"30":{"dtype":"number","min":334.8096711454335,"max":346.63652803000883},"31":{"dtype":"number","min":434.70190959134754,"max":439.7567314757706},"32":{"dtype":"number","min":283.0377259728504,"max":288.5774608708729},"33":{"dtype":"number","min":431.9260601318835,"max":437.24882575735944}},"outputs":{"0":{"dtype":"string","min":0,"max":1,"uniqueValues":["a","b"],"legend":{"a":[1,0],"b":[0,1]}}},"isNormalized":true}