{"inputUnits":[34],"outputUnits":2,"inputs":{"0":{"dtype":"number","min":200.0602882043195,"max":429.9679012187043},"1":{"dtype":"number","min":-18.509847778558267,"max":65.38026924951265},"2":{"dtype":"number","min":201.86856513367292,"max":440.7420044242755},"3":{"dtype":"number","min":-32.938511422735445,"max":52.71869979174281},"4":{"dtype":"number","min":196.81502849735014,"max":423.81526091874923},"5":{"dtype":"number","min":-18.56116118254485,"max":56.123121830455034},"6":{"dtype":"number","min":224.5246708741662,"max":449.59805672628835},"7":{"dtype":"number","min":-26.213253385607032,"max":47.00125592029117},"8":{"dtype":"number","min":200.3406383373119,"max":421.00447106314914},"9":{"dtype":"number","min":-23.452249567875853,"max":56.24437893575626},"10":{"dtype":"number","min":257.52013342189974,"max":416.13641720301456},"11":{"dtype":"number","min":9.198376393457593,"max":95.74310986851623},"12":{"dtype":"number","min":252.0513749447947,"max":412.1203934518914},"13":{"dtype":"number","min":8.346213773909597,"max":95.27172215036015},"14":{"dtype":"number","min":265.77747664721153,"max":418.3099789833232},"15":{"dtype":"number","min":95.73624192622668,"max":197.16820432428727},"16":{"dtype":"number","min":281.7905191045988,"max":421.8461814121893},"17":{"dtype":"number","min":91.62862974765471,"max":188.15429449546173},"18":{"dtype":"number","min":266.26369543242873,"max":399.7369520845469},"19":{"dtype":"number","min":178.09020192999589,"max":226.84834798177081},"20":{"dtype":"number","min":266.37262712445175,"max":391.5127028080455},"21":{"dtype":"number","min":175.62177304868342,"max":224.3177254065203},"22":{"dtype":"number","min":323.69746693393637,"max":424.7363257454617},"23":{"dtype":"number","min":146.9029988368817,"max":226.95735343947973},"24":{"dtype":"number","min":307.6285355179398,"max":421.45757678888924},"25":{"dtype":"number","min":148.69523373728373,"max":223.68767572890016},"26":{"dtype":"number","min":244.76729067677874,"max":418.91477404514484},"27":{"dtype":"number","min":214.69142802277503,"max":289.52203285856785},"28":{"dtype":"number","min":245.8268895437378,"max":416.1518758732905},"29":{"dtype":"number","min":214.98052199216846,"max":280.7428803917957},"30":{"dtype":"number","min":278.6647953531663,"max":416.36465775339224},"31":{"dtype":"number","min":305.9488622951693,"max":367.5238132290905},"32":{"dtype":"number","min":276.8494684468468,"max":415.78944602207827},"33":{"dtype":"number","min":314.7683159603245,"max":353.7655264871162}},"outputs":{"0":{"dtype":"string","min":0,"max":1,"uniqueValues":["a","b"],"legend":{"a":[1,0],"b":[0,1]}}},"isNormalized":true}