{"inputUnits":[34],"outputUnits":2,"inputs":{"0":{"dtype":"number","min":387.31771606683265,"max":549.5735688981024},"1":{"dtype":"number","min":248.78181085716676,"max":371.61399737203794},"2":{"dtype":"number","min":398.48833623220577,"max":552.8786904258802},"3":{"dtype":"number","min":248.58903553983157,"max":360.8351530852141},"4":{"dtype":"number","min":378.8229252627486,"max":553.9576899656776},"5":{"dtype":"number","min":248.8188739501477,"max":360.81691288343876},"6":{"dtype":"number","min":397.0873450861107,"max":544.6099579868726},"7":{"dtype":"number","min":266.55863562987327,"max":353.46824303937467},"8":{"dtype":"number","min":366.1011229992842,"max":542.4849616156683},"9":{"dtype":"number","min":263.07153980634365,"max":351.3124723973562},"10":{"dtype":"number","min":378.8687451308698,"max":515.0947889064023},"11":{"dtype":"number","min":262.57653636077225,"max":389.9005894354212},"12":{"dtype":"number","min":321.7346786290814,"max":529.9262474015442},"13":{"dtype":"number","min":254.11225971422698,"max":373.7394521017985},"14":{"dtype":"number","min":394.3135302805761,"max":512.91748046875},"15":{"dtype":"number","min":271.8668078446713,"max":415.8170221934774},"16":{"dtype":"number","min":184.4087141903288,"max":523.1857558579472},"17":{"dtype":"number","min":269.416904858446,"max":403.30028541371604},"18":{"dtype":"number","min":375.40575559143895,"max":533.1145312214455},"19":{"dtype":"number","min":274.19597960354986,"max":417.8076684962936},"20":{"dtype":"number","min":77.64173779106511,"max":522.1124089112756},"21":{"dtype":"number","min":275.01312374836283,"max":416.6821381269607},"22":{"dtype":"number","min":353.4391549688566,"max":485.7669977556195},"23":{"dtype":"number","min":285.985988445914,"max":416.7797393501386},"24":{"dtype":"number","min":327.6351803785179,"max":495.9512471873858},"25":{"dtype":"number","min":282.0127365974887,"max":431.3043343765229},"26":{"dtype":"number","min":306.0817166750426,"max":500.7647669385051},"27":{"dtype":"number","min":270.31050297251915,"max":432.61516905667486},"28":{"dtype":"number","min":261.46549961023163,"max":499.7273256625348},"29":{"dtype":"number","min":269.13238822832903,"max":435.6091939171388},"30":{"dtype":"number","min":237.00700250517787,"max":500.2942788345307},"31":{"dtype":"number","min":311.681220517521,"max":476.08689901192054},"32":{"dtype":"number","min":228.38821381388584,"max":501.56614604749177},"33":{"dtype":"number","min":302.66355488500164,"max":472.94391237969046}},"outputs":{"0":{"dtype":"string","min":0,"max":1,"uniqueValues":["a","b"],"legend":{"a":[1,0],"b":[0,1]}}},"isNormalized":true}