{"inputUnits":[34],"outputUnits":2,"inputs":{"0":{"dtype":"number","min":292.0847681949013,"max":346.45644516972766},"1":{"dtype":"number","min":20.06098700778061,"max":34.80277494612724},"2":{"dtype":"number","min":300.15789262500186,"max":355.58507253784416},"3":{"dtype":"number","min":9.849747626172629,"max":26.881528263203577},"4":{"dtype":"number","min":282.5370571441353,"max":338.2496524833099},"5":{"dtype":"number","min":11.477083499901,"max":25.805733069109394},"6":{"dtype":"number","min":316.4504472461128,"max":367.343848155953},"7":{"dtype":"number","min":15.198076631125872,"max":39.44430174650968},"8":{"dtype":"number","min":271.6090235421997,"max":324.83641269378955},"9":{"dtype":"number","min":21.402387563248126,"max":37.43512545877496},"10":{"dtype":"number","min":339.90595094409366,"max":386.14952578182107},"11":{"dtype":"number","min":82.63410334001506,"max":103.8155509249741},"12":{"dtype":"number","min":255.40067051818727,"max":301.26902574684186},"13":{"dtype":"number","min":77.21548664174813,"max":92.15105677673458},"14":{"dtype":"number","min":354.7388183117842,"max":405.3513840346308},"15":{"dtype":"number","min":159.57581052073724,"max":178.54927628128615},"16":{"dtype":"number","min":234.4049345912524,"max":278.3913635789302},"17":{"dtype":"number","min":157.8757598757976,"max":168.42126738490649},"18":{"dtype":"number","min":320.3894356026752,"max":413.5817904407285},"19":{"dtype":"number","min":215.85205226846142,"max":256.3336669445967},"20":{"dtype":"number","min":235.18309089407816,"max":269.37304818374605},"21":{"dtype":"number","min":201.84754756459017,"max":234.6769062956871},"22":{"dtype":"number","min":325.42605870416054,"max":358.586055465609},"23":{"dtype":"number","min":212.79730129427844,"max":233.85970504195598},"24":{"dtype":"number","min":265.589273612634,"max":306.247959545946},"25":{"dtype":"number","min":202.4719119304337,"max":231.4570251821774},"26":{"dtype":"number","min":324.43597566779357,"max":348.7208226967973},"27":{"dtype":"number","min":319.2231219553808,"max":349.5713892410605},"28":{"dtype":"number","min":237.0088115491365,"max":304.2619549786603},"29":{"dtype":"number","min":214.57174944366392,"max":340.23994364004153},"30":{"dtype":"number","min":318.2631403010258,"max":345.80713580691094},"31":{"dtype":"number","min":414.97883222256485,"max":442.50121415939475},"32":{"dtype":"number","min":251.20093987002008,"max":319.79763161136856},"33":{"dtype":"number","min":325.0818608750609,"max":438.8719168322825}},"outputs":{"0":{"dtype":"string","min":0,"max":1,"uniqueValues":["a","b"],"legend":{"a":[1,0],"b":[0,1]}}},"isNormalized":true}