{"inputUnits":[34],"outputUnits":5,"inputs":{"0":{"dtype":"number","min":187.2377606070297,"max":428.5061823973181},"1":{"dtype":"number","min":-5.172998380010355,"max":373.7781642147904},"2":{"dtype":"number","min":187.0022208230537,"max":442.2447389004058},"3":{"dtype":"number","min":-4.111453943085252,"max":366.3340417218719},"4":{"dtype":"number","min":182.48509903400264,"max":413.14187509042245},"5":{"dtype":"number","min":-2.4419113069947116,"max":375.8944169726753},"6":{"dtype":"number","min":182.4858961793182,"max":462.21534089502995},"7":{"dtype":"number","min":-6.743782147561831,"max":353.7777222155595},"8":{"dtype":"number","min":177.7052745856272,"max":392.54863240797846},"9":{"dtype":"number","min":-5.803589700025896,"max":378.76396413435015},"10":{"dtype":"number","min":220.53124351575823,"max":498.4371454487999},"11":{"dtype":"number","min":28.683020757188103,"max":350.6287108899092},"12":{"dtype":"number","min":205.31249226650067,"max":370.85788540905213},"13":{"dtype":"number","min":11.680959958082056,"max":400.3666645369799},"14":{"dtype":"number","min":222.1247848897417,"max":515.9857451381274},"15":{"dtype":"number","min":38.763991684941516,"max":385.12507745397016},"16":{"dtype":"number","min":200.7242814746284,"max":355.0013533623827},"17":{"dtype":"number","min":38.16305045263576,"max":432.4506483765838},"18":{"dtype":"number","min":141.7218374508863,"max":494.3589131316246},"19":{"dtype":"number","min":-4.893308643244396,"max":443.0211536786709},"20":{"dtype":"number","min":139.08720332511916,"max":378.32313463237085},"21":{"dtype":"number","min":1.1339991459837222,"max":479.16573195429567},"22":{"dtype":"number","min":242.3345141197041,"max":494.25899899726255},"23":{"dtype":"number","min":218.28552008139923,"max":453.2787443462171},"24":{"dtype":"number","min":218.3491002281739,"max":394.75081237436035},"25":{"dtype":"number","min":38.870294805158636,"max":491.11982854950963},"26":{"dtype":"number","min":202.9959326552601,"max":439.6885660331384},"27":{"dtype":"number","min":301.7080437137834,"max":497.00249521355875},"28":{"dtype":"number","min":189.80128238075656,"max":414.62876674956976},"29":{"dtype":"number","min":60.06755226536799,"max":552.3968434473227},"30":{"dtype":"number","min":173.9363333123934,"max":475.3122840569033},"31":{"dtype":"number","min":388.64717658267847,"max":558.4027584440295},"32":{"dtype":"number","min":175.40159883554915,"max":470.01813327127496},"33":{"dtype":"number","min":80.35456726193195,"max":558.6438798625567}},"outputs":{"0":{"dtype":"string","min":0,"max":1,"uniqueValues":["a","v","c","d","e"],"legend":{"a":[1,0,0,0,0],"v":[0,1,0,0,0],"c":[0,0,1,0,0],"d":[0,0,0,1,0],"e":[0,0,0,0,1]}}},"isNormalized":true}