{"inputUnits":[34],"outputUnits":2,"inputs":{"0":{"dtype":"number","min":151.69179994460433,"max":197.41488361916345},"1":{"dtype":"number","min":213.86271158854163,"max":298.4487357334784},"2":{"dtype":"number","min":155.5940082988776,"max":201.67900739822238},"3":{"dtype":"number","min":213.1433004338374,"max":289.8415465475755},"4":{"dtype":"number","min":146.3952059680723,"max":198.44128710949397},"5":{"dtype":"number","min":209.959884554322,"max":295.55447137843794},"6":{"dtype":"number","min":172.50777097705745,"max":218.78496746338365},"7":{"dtype":"number","min":226.01688675015987,"max":281.41249926234315},"8":{"dtype":"number","min":148.32660459403172,"max":238.0375829031128},"9":{"dtype":"number","min":221.99620981197836,"max":296.4922634667588},"10":{"dtype":"number","min":193.4080240647463,"max":227.5577430650737},"11":{"dtype":"number","min":275.318666870831,"max":319.1661186292622},"12":{"dtype":"number","min":201.28715678729972,"max":255.52682620042944},"13":{"dtype":"number","min":257.9742094043635,"max":315.4490016171342},"14":{"dtype":"number","min":183.6053216945358,"max":216.1788880941231},"15":{"dtype":"number","min":378.31287168387547,"max":419.47188527960526},"16":{"dtype":"number","min":202.16107760721246,"max":283.58662209315605},"17":{"dtype":"number","min":327.17306453117385,"max":408.33267658077483},"18":{"dtype":"number","min":175.96552025272598,"max":210.42609499211895},"19":{"dtype":"number","min":434.03697290848106,"max":524.3572224696942},"20":{"dtype":"number","min":180.35676283213593,"max":256.10210485625686},"21":{"dtype":"number","min":366.3976140607867,"max":520.8921031691642},"22":{"dtype":"number","min":249.31893629405,"max":326.976094682779},"23":{"dtype":"number","min":368.9801715456719,"max":444.9662367316946},"24":{"dtype":"number","min":289.9557501066033,"max":322.98383389300074},"25":{"dtype":"number","min":368.2650501035575,"max":412.6732785706399},"26":{"dtype":"number","min":198.87824997334917,"max":372.98710813764006},"27":{"dtype":"number","min":385.10228088259925,"max":424.45220233404143},"28":{"dtype":"number","min":234.22335678606237,"max":372.05627798336985},"29":{"dtype":"number","min":389.7877594648513,"max":433.62571076807683},"30":{"dtype":"number","min":183.61477916933174,"max":446.307392083181},"31":{"dtype":"number","min":398.253718296222,"max":509.02216563680247},"32":{"dtype":"number","min":213.73881200600783,"max":446.5905095448038},"33":{"dtype":"number","min":388.50831267894125,"max":484.28659242031404}},"outputs":{"0":{"dtype":"string","min":0,"max":1,"uniqueValues":["d","e"],"legend":{"d":[1,0],"e":[0,1]}}},"isNormalized":true}