{"inputUnits":[34],"outputUnits":3,"inputs":{"0":{"dtype":"number","min":-7.1584154987892905,"max":594.6596192477042},"1":{"dtype":"number","min":15.656646669027168,"max":336.7973372253061},"2":{"dtype":"number","min":-12.071967468856602,"max":594.9785746375487},"3":{"dtype":"number","min":4.388688888698525,"max":331.4777533399199},"4":{"dtype":"number","min":-10.82414355659113,"max":603.8984272679854},"5":{"dtype":"number","min":5.388091981527168,"max":321.01674769589306},"6":{"dtype":"number","min":-9.902742917542335,"max":577.7534141317445},"7":{"dtype":"number","min":19.895686582747487,"max":317.7136281033938},"8":{"dtype":"number","min":-7.759331597222221,"max":594.3861317774008},"9":{"dtype":"number","min":18.032425105223183,"max":314.8370492202729},"10":{"dtype":"number","min":5.815397563733552,"max":549.7317588166651},"11":{"dtype":"number","min":41.54360408671417,"max":362.940355267441},"12":{"dtype":"number","min":-10.294279875578702,"max":590.77789485106},"13":{"dtype":"number","min":25.832012689601598,"max":357.6729887131362},"14":{"dtype":"number","min":-4.198470385218688,"max":529.2373383579663},"15":{"dtype":"number","min":90.70784362436038,"max":360.321512352421},"16":{"dtype":"number","min":-8.95103350485045,"max":580.1335782056664},"17":{"dtype":"number","min":73.15774601570115,"max":375.710703531901},"18":{"dtype":"number","min":-7.74900023700201,"max":521.3056698923687},"19":{"dtype":"number","min":94.28694637662949,"max":379.0907124933908},"20":{"dtype":"number","min":-8.451136538856908,"max":576.2222349527518},"21":{"dtype":"number","min":81.17221750478762,"max":382.9909145065218},"22":{"dtype":"number","min":32.1088354397006,"max":535.2443654913651},"23":{"dtype":"number","min":115.11045221696818,"max":381.6697398403234},"24":{"dtype":"number","min":-5.241960967958089,"max":581.3305382979544},"25":{"dtype":"number","min":100.39092638339216,"max":415.5765597397356},"26":{"dtype":"number","min":36.39868485300164,"max":520.8603238408793},"27":{"dtype":"number","min":142.17238457811737,"max":415.2760303043715},"28":{"dtype":"number","min":4.456089904666179,"max":580.2167229903372},"29":{"dtype":"number","min":217.65504610236394,"max":455.63265318991375},"30":{"dtype":"number","min":7.9309034440484885,"max":523.721447028147},"31":{"dtype":"number","min":160.00743345442802,"max":484.3884568837186},"32":{"dtype":"number","min":7.593863266020954,"max":580.5883278948986},"33":{"dtype":"number","min":267.6492065667641,"max":518.0717457851239}},"outputs":{"0":{"dtype":"string","min":0,"max":1,"uniqueValues":["f","g","h"],"legend":{"f":[1,0,0],"g":[0,1,0],"h":[0,0,1]}}},"isNormalized":true}