{"inputUnits":[34],"outputUnits":2,"inputs":{"0":{"dtype":"number","min":121.0995194879424,"max":171.98024221795808},"1":{"dtype":"number","min":246.89859728599384,"max":344.7525458679794},"2":{"dtype":"number","min":123.46481858638295,"max":167.99510160152442},"3":{"dtype":"number","min":240.68421109145612,"max":334.4997556214212},"4":{"dtype":"number","min":113.42424954122502,"max":162.50107822827195},"5":{"dtype":"number","min":239.7393805892379,"max":340.9203009949325},"6":{"dtype":"number","min":141.05072066100718,"max":186.03865833542733},"7":{"dtype":"number","min":250.163975170946,"max":314.7789858098615},"8":{"dtype":"number","min":113.31618578578063,"max":199.53973662318774},"9":{"dtype":"number","min":246.19265074850756,"max":341.4997856333474},"10":{"dtype":"number","min":178.63713939287507,"max":227.74123401902108},"11":{"dtype":"number","min":294.13876836527623,"max":324.3743254009046},"12":{"dtype":"number","min":173.75182510584185,"max":252.32001291613363},"13":{"dtype":"number","min":269.83849122045564,"max":337.6041098551908},"14":{"dtype":"number","min":195.66018563729745,"max":216.31636472705742},"15":{"dtype":"number","min":387.2688373766447,"max":432.0812786020498},"16":{"dtype":"number","min":196.41336481938353,"max":288.1242153472603},"17":{"dtype":"number","min":328.76993755615706,"max":426.71267682348775},"18":{"dtype":"number","min":155.77513934576024,"max":224.61271468194138},"19":{"dtype":"number","min":416.56809979712057,"max":524.741575006853},"20":{"dtype":"number","min":157.52934654786108,"max":278.1738709566886},"21":{"dtype":"number","min":388.56094152141964,"max":520.3062108803911},"22":{"dtype":"number","min":228.72763590970698,"max":305.08722911336497},"23":{"dtype":"number","min":332.57250096133345,"max":455.8406147203947},"24":{"dtype":"number","min":221.45720721685396,"max":335.7778805738304},"25":{"dtype":"number","min":352.2603775232623,"max":428.9863024259868},"26":{"dtype":"number","min":173.41900146960282,"max":306.26791316398635},"27":{"dtype":"number","min":374.7117802134731,"max":510.91061062282984},"28":{"dtype":"number","min":182.03053643596567,"max":387.01492517779906},"29":{"dtype":"number","min":376.51941370081016,"max":467.4177292494745},"30":{"dtype":"number","min":165.69468477780822,"max":327.23437868828427},"31":{"dtype":"number","min":417.46563470851606,"max":558.8946804805108},"32":{"dtype":"number","min":171.41489605225084,"max":393.3790829307154},"33":{"dtype":"number","min":421.9151710673847,"max":558.1407154001455}},"outputs":{"0":{"dtype":"string","min":0,"max":1,"uniqueValues":["d","e"],"legend":{"d":[1,0],"e":[0,1]}}},"isNormalized":true}