{"inputUnits":[34],"outputUnits":3,"inputs":{"0":{"dtype":"number","min":308.840881704587,"max":424.4864450793052},"1":{"dtype":"number","min":55.801072743436265,"max":316.3660372906958},"2":{"dtype":"number","min":309.4863272921616,"max":429.8569647657011},"3":{"dtype":"number","min":45.292216221026735,"max":312.08760698403995},"4":{"dtype":"number","min":306.71643768370035,"max":418.9405657859341},"5":{"dtype":"number","min":44.91761741117659,"max":318.1258095635308},"6":{"dtype":"number","min":313.34376284950656,"max":433.01841869688866},"7":{"dtype":"number","min":47.20584505017969,"max":300.11191072519756},"8":{"dtype":"number","min":305.4940540098075,"max":410.5765954328094},"9":{"dtype":"number","min":49.0414815385904,"max":315.81151326497394},"10":{"dtype":"number","min":337.07765872947886,"max":417.0455129523026},"11":{"dtype":"number","min":85.60198748553239,"max":296.0782080458851},"12":{"dtype":"number","min":328.05445680376613,"max":403.1206585324531},"13":{"dtype":"number","min":76.10713966176291,"max":325.9547278569688},"14":{"dtype":"number","min":351.42751950269553,"max":419.0446030187328},"15":{"dtype":"number","min":22.11757488882796,"max":364.5045539603131},"16":{"dtype":"number","min":348.03317421361015,"max":385.41581657662493},"17":{"dtype":"number","min":16.00278025249756,"max":374.8342199492873},"18":{"dtype":"number","min":330.3237635443317,"max":419.71966934947704},"19":{"dtype":"number","min":2.455085025660935,"max":457.05613521107455},"20":{"dtype":"number","min":343.7035868088869,"max":381.28064532958507},"21":{"dtype":"number","min":-7.015606915509267,"max":459.254009886327},"22":{"dtype":"number","min":331.6167338410316,"max":442.9016517802753},"23":{"dtype":"number","min":238.98727089805675,"max":309.99355621040445},"24":{"dtype":"number","min":334.09637927079524,"max":437.6545367324561},"25":{"dtype":"number","min":221.19084943804825,"max":325.4010747422484},"26":{"dtype":"number","min":333.5473739891721,"max":442.3540367438779},"27":{"dtype":"number","min":287.26517169796233,"max":392.3579832080744},"28":{"dtype":"number","min":329.47839807581016,"max":426.13394040113303},"29":{"dtype":"number","min":334.8490563703094,"max":398.35203062953536},"30":{"dtype":"number","min":352.50545449656585,"max":417.4626977634244},"31":{"dtype":"number","min":337.6711926079168,"max":472.5650333754036},"32":{"dtype":"number","min":349.60921081186035,"max":414.7844242445442},"33":{"dtype":"number","min":443.95704481336804,"max":497.8472830491688}},"outputs":{"0":{"dtype":"string","min":0,"max":1,"uniqueValues":["a","b","c"],"legend":{"a":[1,0,0],"b":[0,1,0],"c":[0,0,1]}}},"isNormalized":true}