{"inputUnits":[34],"outputUnits":4,"inputs":{"0":{"dtype":"number","min":216.32355390701144,"max":503.1784723887899},"1":{"dtype":"number","min":-32.54668059172454,"max":249.9790826689662},"2":{"dtype":"number","min":225.4473002472816,"max":500.85185194108453},"3":{"dtype":"number","min":-39.25782506693641,"max":255.6053578040288},"4":{"dtype":"number","min":217.87243595829716,"max":500.45980516697693},"5":{"dtype":"number","min":-38.05144906741137,"max":252.47164780168737},"6":{"dtype":"number","min":229.80065299288802,"max":473.09174000403567},"7":{"dtype":"number","min":-48.15764845463268,"max":255.28348837214833},"8":{"dtype":"number","min":202.12389375266508,"max":472.7416659052144},"9":{"dtype":"number","min":-47.452421132584064,"max":248.85304590414836},"10":{"dtype":"number","min":225.71666576244212,"max":431.3598971896701},"11":{"dtype":"number","min":-56.68314258954679,"max":242.2039649175157},"12":{"dtype":"number","min":212.00887222736202,"max":451.8881177995172},"13":{"dtype":"number","min":12.520295676664531,"max":256.05970118710405},"14":{"dtype":"number","min":252.59107504207023,"max":430.2889818336531},"15":{"dtype":"number","min":-37.87421763756587,"max":308.0319499411778},"16":{"dtype":"number","min":212.4208053975542,"max":440.36593967013886},"17":{"dtype":"number","min":21.64572256582754,"max":308.8529649998477},"18":{"dtype":"number","min":228.3866659242507,"max":435.044278745298},"19":{"dtype":"number","min":-39.00783620614987,"max":409.6962638393945},"20":{"dtype":"number","min":221.10990632114817,"max":431.97924162212166},"21":{"dtype":"number","min":52.58132666872257,"max":407.580016732913},"22":{"dtype":"number","min":239.15060504370496,"max":379.0850791410628},"23":{"dtype":"number","min":6.418308904993594,"max":373.61700344271594},"24":{"dtype":"number","min":219.11778808801958,"max":394.79499861510874},"25":{"dtype":"number","min":154.887415716755,"max":376.0126261869137},"26":{"dtype":"number","min":209.7140818218506,"max":350.67654139349565},"27":{"dtype":"number","min":17.797035380878413,"max":485.8012178952698},"28":{"dtype":"number","min":247.77975041499147,"max":418.5244554664656},"29":{"dtype":"number","min":272.6837848269219,"max":486.26055563170075},"30":{"dtype":"number","min":135.12318155686523,"max":337.8908076295611},"31":{"dtype":"number","min":42.59211609005695,"max":545.2152732566551},"32":{"dtype":"number","min":207.34800937347708,"max":421.2741210818523},"33":{"dtype":"number","min":350.71200424699987,"max":545.8501197859557}},"outputs":{"0":{"dtype":"string","min":0,"max":1,"uniqueValues":["i","j","k","l"],"legend":{"i":[1,0,0,0],"j":[0,1,0,0],"k":[0,0,1,0],"l":[0,0,0,1]}}},"isNormalized":true}