{"inputUnits":[34],"outputUnits":2,"inputs":{"0":{"dtype":"number","min":229.23251205949987,"max":324.12986651266294},"1":{"dtype":"number","min":42.43170606230201,"max":98.69717663026924},"2":{"dtype":"number","min":229.50737668756852,"max":332.27371780960647},"3":{"dtype":"number","min":32.29659052620157,"max":85.87699726543462},"4":{"dtype":"number","min":217.02790764107806,"max":315.27923375774776},"5":{"dtype":"number","min":33.718446132964786,"max":99.57491966716029},"6":{"dtype":"number","min":244.92024799071788,"max":344.75848400569566},"7":{"dtype":"number","min":40.41750359488741,"max":69.74694978888735},"8":{"dtype":"number","min":217.69477784749824,"max":303.5956253735875},"9":{"dtype":"number","min":44.24554568285133,"max":105.97473977369637},"10":{"dtype":"number","min":309.7121984173215,"max":368.6874199285377},"11":{"dtype":"number","min":82.70919710572002,"max":99.91572781612999},"12":{"dtype":"number","min":245.97006636056284,"max":285.15956529167426},"13":{"dtype":"number","min":95.3576704772592,"max":142.97449182581016},"14":{"dtype":"number","min":378.64233630442476,"max":419.70920971727276},"15":{"dtype":"number","min":122.84428825155337,"max":154.21202126069838},"16":{"dtype":"number","min":225.2800948531539,"max":232.60361520867596},"17":{"dtype":"number","min":149.90385178236932,"max":194.24039309020162},"18":{"dtype":"number","min":384.6889967295626,"max":392.65926606473863},"19":{"dtype":"number","min":193.55100278501158,"max":213.00568519279972},"20":{"dtype":"number","min":253.18842956661945,"max":267.12852552387915},"21":{"dtype":"number","min":202.12928548890943,"max":222.43120516949926},"22":{"dtype":"number","min":346.8564907616807,"max":359.468657064159},"23":{"dtype":"number","min":231.34782281767787,"max":248.6761795847039},"24":{"dtype":"number","min":288.4783245480781,"max":300.6604960183186},"25":{"dtype":"number","min":233.61635918273328,"max":246.48272360045075},"26":{"dtype":"number","min":357.94811300831697,"max":371.74983509799887},"27":{"dtype":"number","min":344.07065586737025,"max":357.62013232731215},"28":{"dtype":"number","min":288.6582902161001,"max":296.02052952578657},"29":{"dtype":"number","min":336.11219885753604,"max":348.41700146769915},"30":{"dtype":"number","min":365.048492610106,"max":380.2362674765187},"31":{"dtype":"number","min":429.67813294765773,"max":437.9885831539161},"32":{"dtype":"number","min":279.2814544952868,"max":291.9167870713024},"33":{"dtype":"number","min":415.0920292369106,"max":427.6648091991045}},"outputs":{"0":{"dtype":"string","min":0,"max":1,"uniqueValues":["a","b"],"legend":{"a":[1,0],"b":[0,1]}}},"isNormalized":true}