{"inputUnits":[34],"outputUnits":2,"inputs":{"0":{"dtype":"number","min":266.9993731106466,"max":353.58525445354377},"1":{"dtype":"number","min":-6.397220842090036,"max":58.5668967620671},"2":{"dtype":"number","min":275.08724398547906,"max":355.63793844182123},"3":{"dtype":"number","min":-14.64950531779209,"max":50.23585269325656},"4":{"dtype":"number","min":257.3216823109409,"max":346.1913711518107},"5":{"dtype":"number","min":-12.37443593045657,"max":49.408479508368345},"6":{"dtype":"number","min":283.8626785724484,"max":355.63706931547347},"7":{"dtype":"number","min":-5.878140038681778,"max":55.768558732715036},"8":{"dtype":"number","min":241.3568482575593,"max":314.787113420215},"9":{"dtype":"number","min":-8.651482357151565,"max":52.1658777307581},"10":{"dtype":"number","min":283.45219632570735,"max":348.04468641968964},"11":{"dtype":"number","min":38.231507091261946,"max":102.37228869462336},"12":{"dtype":"number","min":228.24100367971795,"max":293.65259062709396},"13":{"dtype":"number","min":33.39820252059728,"max":98.46413268448083},"14":{"dtype":"number","min":307.85232157270343,"max":379.6872646116141},"15":{"dtype":"number","min":56.66663692243847,"max":125.66020050941154},"16":{"dtype":"number","min":256.52262340047434,"max":382.9672318545931},"17":{"dtype":"number","min":55.848474930136746,"max":142.8052233720151},"18":{"dtype":"number","min":351.21125100416515,"max":478.6922474167732},"19":{"dtype":"number","min":56.333218996520145,"max":129.58757902446544},"20":{"dtype":"number","min":318.67345947503577,"max":475.27502643667},"21":{"dtype":"number","min":57.41530554104037,"max":132.1261471753929},"22":{"dtype":"number","min":298.79585154572425,"max":321.0759052477385},"23":{"dtype":"number","min":173.65283333999602,"max":236.07915272257247},"24":{"dtype":"number","min":253.97393715544285,"max":273.77775909840244},"25":{"dtype":"number","min":173.4757707086455,"max":228.55101944177932},"26":{"dtype":"number","min":290.1884998819749,"max":345.81943742480655},"27":{"dtype":"number","min":281.414146051537,"max":313.96558557105107},"28":{"dtype":"number","min":258.9153006852951,"max":314.3079856589988},"29":{"dtype":"number","min":289.1972722877071,"max":325.80843027572183},"30":{"dtype":"number","min":275.9166305571736,"max":309.99573110836985},"31":{"dtype":"number","min":369.9917192068713,"max":396.66187829209116},"32":{"dtype":"number","min":260.96541376838906,"max":279.8358841016743},"33":{"dtype":"number","min":380.7355700041118,"max":401.1758299413015}},"outputs":{"0":{"dtype":"string","min":0,"max":1,"uniqueValues":["a","b"],"legend":{"a":[1,0],"b":[0,1]}}},"isNormalized":true}